<?xml version="1.0" encoding="UTF-8"?>
<jcr:root xmlns:sling="http://sling.apache.org/jcr/sling/1.0" xmlns:cq="http://www.day.com/jcr/cq/1.0" xmlns:jcr="http://www.jcp.org/jcr/1.0" xmlns:nt="http://www.jcp.org/jcr/nt/1.0"
    jcr:primaryType="nt:unstructured"
    sling:resourceType="cq/gui/components/authoring/dialog">
    <content
        jcr:primaryType="nt:unstructured"
        sling:resourceType="granite/ui/components/foundation/container">
        <layout
            jcr:primaryType="nt:unstructured"
            sling:resourceType="granite/ui/components/foundation/layouts/tabs"
            type="nav"/>
        <items jcr:primaryType="nt:unstructured">
            <tab1
                jcr:primaryType="nt:unstructured"
                jcr:title="Project Details Config"
                sling:resourceType="granite/ui/components/foundation/container">
                <layout
                    jcr:primaryType="nt:unstructured"
                    sling:resourceType="granite/ui/components/foundation/layouts/fixedcolumns"/>
                <items jcr:primaryType="nt:unstructured">
                    <columns
                        jcr:primaryType="nt:unstructured"
                        sling:resourceType="granite/ui/components/foundation/container">
                        <items jcr:primaryType="nt:unstructured">
                            <projectname
					            jcr:primaryType="nt:unstructured"
					            fieldLabel="Project Name"
					            required="true"
					            name="./projectname"
					            sling:resourceType="granite/ui/components/foundation/form/textfield"/> 
					        <projectheader
					            jcr:primaryType="nt:unstructured"
					            fieldLabel="Project Header"
					            required="true"
					            name="./projectheader"
					            sling:resourceType="granite/ui/components/foundation/form/textfield"/>       
					        <projectdescription
					            jcr:primaryType="nt:unstructured"
					            fieldLabel="Project Description"
					            name="./projectdescription"
					            sling:resourceType="cq/gui/components/authoring/dialog/richtext"/>
					        <projectsubheader
					            jcr:primaryType="nt:unstructured"
					            fieldLabel="Project Sub-Header"
					            required="true"
					            name="./projectsubheader"
					            sling:resourceType="granite/ui/components/foundation/form/textfield"/>
					        <subheaderdetails
							    jcr:primaryType="nt:unstructured"
							    fieldLabel="Sub-Header Details"
							    fieldDescription="Click the '+' to add sub-header details."							    
							    sling:resourceType="/apps/eps/components/content/common/multifield">
				                        <field
		                                	jcr:primaryType="nt:unstructured"
		                                    sling:resourceType="granite/ui/components/foundation/form/fieldset"
		                                    name="./details">
		                                	<layout
		                                    	jcr:primaryType="nt:unstructured"
		                                    	sling:resourceType="granite/ui/components/foundation/layouts/fixedcolumns"
		                                        method="absolute"/>
		                                    	<items jcr:primaryType="nt:unstructured">
		                                        	<column
		                                              	jcr:primaryType="nt:unstructured"
		                                                sling:resourceType="granite/ui/components/foundation/container">
			                                            <items jcr:primaryType="nt:unstructured">
							            <contentdetail
							                jcr:primaryType="nt:unstructured"
							                fieldLabel="Detail"
							                required="true"
							                name="./detail"
							                autoWidth="{Boolean}true"
							                sling:resourceType="granite/ui/components/foundation/form/textfield"/>	            
							        </items>
		                                    	</column>
		                                	</items>
		                            	</field>
							</subheaderdetails>
                        </items>
                    </columns>
                </items>
            </tab1>
        </items>
    </content>
</jcr:root>
