<?xml version="1.0" encoding="UTF-8"?>
<jcr:root xmlns:sling="http://sling.apache.org/jcr/sling/1.0" xmlns:cq="http://www.day.com/jcr/cq/1.0" xmlns:jcr="http://www.jcp.org/jcr/1.0" xmlns:nt="http://www.jcp.org/jcr/nt/1.0"
    jcr:primaryType="nt:unstructured"
    sling:resourceType="cq/gui/components/authoring/dialog">
    <content
        jcr:primaryType="nt:unstructured"
        sling:resourceType="granite/ui/components/foundation/container">
        <layout
            jcr:primaryType="nt:unstructured"
            sling:resourceType="granite/ui/components/foundation/layouts/tabs"
            type="nav"/>
        <items jcr:primaryType="nt:unstructured">
            <tab1
                jcr:primaryType="nt:unstructured"
                jcr:title="Accordion Config"
                sling:resourceType="granite/ui/components/foundation/container">
                <layout
                    jcr:primaryType="nt:unstructured"
                    sling:resourceType="granite/ui/components/foundation/layouts/fixedcolumns"/>
                <items jcr:primaryType="nt:unstructured">
                    <columns
                        jcr:primaryType="nt:unstructured"
                        sling:resourceType="granite/ui/components/foundation/container">
                        <items jcr:primaryType="nt:unstructured">
                            <showalltext
					            jcr:primaryType="nt:unstructured"
					            fieldLabel="Show All Text"
					            name="./showalltext"
					            value="Show All"
					            sling:resourceType="granite/ui/components/foundation/form/textfield"/>
					        <hidealltext
					            jcr:primaryType="nt:unstructured"
					            fieldLabel="Show All Text"
					            name="./hidealltext"
					            value="Hide All"
					            sling:resourceType="granite/ui/components/foundation/form/textfield"/>
					        <accordionitems
					            jcr:primaryType="nt:unstructured"
					            fieldLabel="Accordion Items"
					            fieldDescription="Click the '+' to add new items to accordion"
					            sling:resourceType="/apps/eps/components/content/common/multifield">
				                        <field
		                                	jcr:primaryType="nt:unstructured"
		                                    sling:resourceType="granite/ui/components/foundation/form/fieldset"
		                                    name="./accordionitems">
		                                	<layout
		                                    	jcr:primaryType="nt:unstructured"
		                                    	sling:resourceType="granite/ui/components/foundation/layouts/fixedcolumns"
		                                        method="absolute"/>
		                                    	<items jcr:primaryType="nt:unstructured">
		                                        	<column
		                                              	jcr:primaryType="nt:unstructured"
		                                                sling:resourceType="granite/ui/components/foundation/container">
			                                            <items jcr:primaryType="nt:unstructured">
										                    <title
										                        jcr:primaryType="nt:unstructured"
										                        required="true"
										                        fieldLabel="Accordion Title"
										                        name="./title"
										                        width="250"
										                        sling:resourceType="granite/ui/components/foundation/form/textfield"/>
										                    <description
										                        jcr:primaryType="nt:unstructured"
										                        fieldLabel="Accordion Description"
										                        name="./description"
										                        width="250"
										                        sling:resourceType="cq/gui/components/authoring/dialog/richtext"/>
					                					</items>
		                                    	</column>
		                                	</items>
		                            	</field>
							  </accordionitems>
                        </items>
                    </columns>
                </items>
            </tab1>
        </items>
    </content>
</jcr:root>
