<?xml version="1.0" encoding="UTF-8"?>
<jcr:root xmlns:sling="http://sling.apache.org/jcr/sling/1.0" xmlns:cq="http://www.day.com/jcr/cq/1.0" xmlns:jcr="http://www.jcp.org/jcr/1.0" xmlns:nt="http://www.jcp.org/jcr/nt/1.0"
    jcr:primaryType="nt:unstructured"
    sling:resourceType="cq/gui/components/authoring/dialog">
    <content
        jcr:primaryType="nt:unstructured"
        sling:resourceType="granite/ui/components/foundation/container">
        <layout
            jcr:primaryType="nt:unstructured"
            sling:resourceType="granite/ui/components/foundation/layouts/tabs"
            type="nav"/>
        <items jcr:primaryType="nt:unstructured">
            <tab1
                jcr:primaryType="nt:unstructured"
                jcr:title="Right Rail Content Config"
                sling:resourceType="granite/ui/components/foundation/container">
                <layout
                    jcr:primaryType="nt:unstructured"
                    sling:resourceType="granite/ui/components/foundation/layouts/fixedcolumns"/>
                <items jcr:primaryType="nt:unstructured">
                    <columns
                        jcr:primaryType="nt:unstructured"
                        sling:resourceType="granite/ui/components/foundation/container">
                        <items jcr:primaryType="nt:unstructured">
                            <contentheader
					            jcr:primaryType="nt:unstructured"
					            fieldLabel="Right Rail Content Header"
					            required="true"
					            name="./railcontentheader"
					            sling:resourceType="granite/ui/components/foundation/form/textfield"/>
					        <contentdetails
							    jcr:primaryType="nt:unstructured"
							    fieldLabel="Right Rail Content Details"
							    fieldDescription="Click the '+' to add content details."							   
							    sling:resourceType="/apps/eps/components/content/common/multifield">
				                        <field
		                                	jcr:primaryType="nt:unstructured"
		                                    sling:resourceType="granite/ui/components/foundation/form/fieldset"
		                                    name="./details">
		                                	<layout
		                                    	jcr:primaryType="nt:unstructured"
		                                    	sling:resourceType="granite/ui/components/foundation/layouts/fixedcolumns"
		                                        method="absolute"/>
		                                    	<items jcr:primaryType="nt:unstructured">
		                                        	<column
		                                              	jcr:primaryType="nt:unstructured"
		                                                sling:resourceType="granite/ui/components/foundation/container">
			                                            <items jcr:primaryType="nt:unstructured">
							            <contentdetail
							                jcr:primaryType="nt:unstructured"
							                fieldLabel="Content Detail"
							                required="true"
							                name="./detail"
							                width="200"
							                sling:resourceType="granite/ui/components/foundation/form/pathbrowser"/>	            
							       </items>
		                                    	</column>
		                                	</items>
		                            	</field>
							</contentdetails>
                        </items>
                    </columns>
                </items>
            </tab1>
        </items>
    </content>
</jcr:root>
