<?xml version="1.0" encoding="UTF-8"?>
<jcr:root xmlns:sling="http://sling.apache.org/jcr/sling/1.0" xmlns:cq="http://www.day.com/jcr/cq/1.0" xmlns:jcr="http://www.jcp.org/jcr/1.0" xmlns:nt="http://www.jcp.org/jcr/nt/1.0"
    jcr:primaryType="nt:unstructured"
    sling:resourceType="cq/gui/components/authoring/dialog">
    <content
        jcr:primaryType="nt:unstructured"
        sling:resourceType="granite/ui/components/foundation/container">
        <layout
            jcr:primaryType="nt:unstructured"
            sling:resourceType="granite/ui/components/foundation/layouts/tabs"
            type="nav"/>
        <items jcr:primaryType="nt:unstructured">
            <tab1
                jcr:primaryType="nt:unstructured"
                jcr:title="Article List Config"
                sling:resourceType="granite/ui/components/foundation/container">
                <layout
                    jcr:primaryType="nt:unstructured"
                    sling:resourceType="granite/ui/components/foundation/layouts/fixedcolumns"/>
                <items jcr:primaryType="nt:unstructured">
                    <columns
                        jcr:primaryType="nt:unstructured"
                        sling:resourceType="granite/ui/components/foundation/container">
                        <items jcr:primaryType="nt:unstructured">
                            <rootpath
						        jcr:primaryType="cq:Widget"
						        fieldLabel="Project Pages Root Path"
						        fieldDescription="Select the root path of the project pages. If this path is selected then all the content grid pages below the root path would be displayed. If root path and individual paths both are defined, a combined list is displayed after removing the duplicates"
						        name="./rootpath"
						        width="200"
						        sling:resourceType="granite/ui/components/foundation/form/pathbrowser"/>
							<definitions
							    jcr:primaryType="cq:Widget"
							    fieldLabel="Individual Project Pages"
							    fieldDescription="Click the '+' to add paths to individual project pages"							    
							    sling:resourceType="/apps/eps/components/content/common/multifield">
				                        <field
		                                	jcr:primaryType="nt:unstructured"
		                                    sling:resourceType="granite/ui/components/foundation/form/fieldset"
		                                    name="./definitions">
		                                	<layout
		                                    	jcr:primaryType="nt:unstructured"
		                                    	sling:resourceType="granite/ui/components/foundation/layouts/fixedcolumns"
		                                        method="absolute"/>
		                                    	<items jcr:primaryType="nt:unstructured">
		                                        	<column
		                                              	jcr:primaryType="nt:unstructured"
		                                                sling:resourceType="granite/ui/components/foundation/container">
			                                            <items jcr:primaryType="nt:unstructured">
											            <linkpath
											                jcr:primaryType="cq:Widget"
											                fieldLabel="Individual project page path"
											                name="./linkpath"
											                width="200"
											                sling:resourceType="granite/ui/components/foundation/form/pathbrowser"/>		            
							        				</items>
		                                    	</column>
		                                	</items>
		                            	</field>
							</definitions> 
							<ctaLabel
						        jcr:primaryType="cq:Widget"
						        fieldLabel="Article CTA Label"
						        fieldDescription="Please provide a label for Article CTA. Ex - See Case Study"
						        name="./ctalabel"
						        sling:resourceType="granite/ui/components/foundation/form/textfield"/>
                        </items>
                    </columns>
                </items>
            </tab1>
        </items>
    </content>
</jcr:root>
