<?xml version="1.0" encoding="UTF-8"?>
<jcr:root xmlns:cq="http://www.day.com/jcr/cq/1.0" xmlns:jcr="http://www.jcp.org/jcr/1.0"
    jcr:primaryType="cq:Dialog"
    title="Project Details Properties"
    height="400"
    width="600"
    xtype="dialog">
    <items
        jcr:primaryType="cq:Widget"
        xtype="tabpanel">
	    <items jcr:primaryType="cq:WidgetCollection">
	    	<tab1
               jcr:primaryType="cq:Panel"
               title="Project Details Config">
               <items jcr:primaryType="cq:WidgetCollection">
		    	<projectname
		            jcr:primaryType="cq:Widget"
		            fieldLabel="Project Name"
		            allowBlank="false"
		            name="./projectname"
		            xtype="textfield"/> 
		        <projectheader
		            jcr:primaryType="cq:Widget"
		            fieldLabel="Project Header"
		            allowBlank="false"
		            name="./projectheader"
		            xtype="textfield"/>       
		        <projectdescription
		            jcr:primaryType="cq:Widget"
		            fieldLabel="Project Description"
		            name="./projectdescription"
		            xtype="richtext">
		            <rtePlugins xtype="cqinclude" jcr:primaryType="nt:unstructured" path="/apps/eps/components/content/config/richtextconfig/dialog/items/tab1/items/text/rtePlugins.infinity.json"/>
		        </projectdescription>
		        <projectsubheader
		            jcr:primaryType="cq:Widget"
		            fieldLabel="Project Sub-Header"
		            allowBlank="false"
		            name="./projectsubheader"
		            xtype="textfield"/>
		        <subheaderdetails
				    jcr:primaryType="cq:Widget"
				    fieldLabel="Sub-Header Details"
				    fieldDescription="Click the '+' to add sub-header details."
				    name="./details"
				    oderable="{Boolean}true"
				    xtype="multifield">
				    <fieldConfig
				        jcr:primaryType="cq:Widget"
				        xtype="multifieldpanel">
				        <items jcr:primaryType="cq:WidgetCollection">
				            <contentdetail
				                jcr:primaryType="cq:Widget"
				                fieldLabel="Detail"
				                allowBlank="false"
				                key="detail"
				                autoWidth="{Boolean}true"
				                xtype="textfield"/>	            
				        </items>
				    </fieldConfig>
				</subheaderdetails>
			</items>
			</tab1>
		</items>
    </items>
</jcr:root>
