<?xml version="1.0" encoding="UTF-8"?>
<jcr:root xmlns:cq="http://www.day.com/jcr/cq/1.0" xmlns:jcr="http://www.jcp.org/jcr/1.0" xmlns:nt="http://www.jcp.org/jcr/nt/1.0"
    jcr:primaryType="cq:Widget"
    hideLabel="{Boolean}true"
    name="./standardRTE"
    xtype="richtext">
    <rtePlugins jcr:primaryType="nt:unstructured">
        <links jcr:primaryType="nt:unstructured">
            <linkDialogConfig
                jcr:primaryType="nt:unstructured"
                height="{Long}316">
                <linkAttributes jcr:primaryType="cq:WidgetCollection">
                    <linkAdvanced
                        jcr:primaryType="cq:Widget"
                        collapsed="{Boolean}true"
                        collapsible="{Boolean}true"
                        inputValue="advanced"
                        name="./linkdialog/cq:adhocLinkTrackingTab"
                        title="Link tracking"
                        xtype="dialogfieldset">
                        <items jcr:primaryType="cq:WidgetCollection">
                            <enable
                                jcr:primaryType="nt:unstructured"
                                attribute="enabletracking"
                                fieldDescription="override analytics framework settings"
                                fieldLabel="Custom link tracking"
                                name="./linkdialog/cq:adhocLinkTrackingEnableTracking"
                                xtype="checkbox">
                                <listeners
                                    jcr:primaryType="nt:unstructured"
                                    check="function(component){var dlg=component.findParentByType('rtelinkdialog');dlg.enableSCFields(component.checked);}"/>
                            </enable>
                            <events
                                jcr:primaryType="nt:unstructured"
                                attribute="adhocevents"
                                fieldDescription="e.g.: event2, event7"
                                fieldLabel="Include SiteCatalyst events"
                                name="./linkdialog/cq:adhocLinkTrackingEvents"
                                xtype="textfield"/>
                            <evars
                                jcr:primaryType="nt:unstructured"
                                attribute="adhocevars"
                                fieldDescription="e.g.: eVar1: pagedata.url, prop4: 'const'"
                                fieldLabel="Include SiteCatalyst variables"
                                name="./linkdialog/cq:adhocLinkTrackingEvars"
                                xtype="textfield"/>
                        </items>
                    </linkAdvanced>
                </linkAttributes>
            </linkDialogConfig>
        </links>
        <paraformat
            jcr:primaryType="nt:unstructured"
            features="*">
            <formats jcr:primaryType="cq:WidgetCollection">
                <kpParagraph
                    jcr:primaryType="nt:unstructured"
                    description="Paragraph"
                    tag="p"/>
                <kpHeading2
                    jcr:primaryType="nt:unstructured"
                    description="Heading 2"
                    tag="h2"/>
                <kpHeading3
                    jcr:primaryType="nt:unstructured"
                    description="Heading 3"
                    tag="h3"/>
                <kpHeading4
                    jcr:primaryType="nt:unstructured"
                    description="Heading 4"
                    tag="h4"/>
            </formats>
        </paraformat>
        <subsuperscript
            jcr:primaryType="nt:unstructured"
            features="*"/>
        <styles
            jcr:primaryType="nt:unstructured"
            features="*">
            <styles jcr:primaryType="cq:WidgetCollection">
                <page-heading
                    jcr:primaryType="nt:unstructured"
                    cssName="page-heading"
                    text="Page Heading"/>
                <section-heading
                    jcr:primaryType="nt:unstructured"
                    cssName="section-heading"
                    text="Section Heading"/>
                <item-heading
                    jcr:primaryType="nt:unstructured"
                    cssName="item-heading"
                    text="Item Heading"/>
                <item-subheading
                    jcr:primaryType="nt:unstructured"
                    cssName="item-subheading"
                    text="Item Subheading"/>
                <item-tag
                    jcr:primaryType="nt:unstructured"
                    cssName="item-tag"
                    text="TAG / DATES"/>
                <auxiliary-text
                    jcr:primaryType="nt:unstructured"
                    cssName="auxiliary-text"
                    text="Auxiliary Text"/>
            </styles>
        </styles>
        <table
            jcr:primaryType="nt:unstructured"
            features="*">
            <cellStyles jcr:primaryType="cq:WidgetCollection">
                <lastcolumn
                    jcr:primaryType="nt:unstructured"
                    cssName="last-col"
                    text="Last Column"/>
                <alternaterow2
                    jcr:primaryType="nt:unstructured"
                    cssName="row-alternate2"
                    text="Light Gray Row"/>
                <alternaterow1
                    jcr:primaryType="nt:unstructured"
                    cssName="row-alternate"
                    text="Dark Gray Row"/>
                <alternaterow3
                    jcr:primaryType="nt:unstructured"
                    cssName="row-alternate3"
                    text="White Row"/>
                <bottomborder
                    jcr:primaryType="nt:unstructured"
                    cssName="bott-border"
                    text="Bottom Border"/>
                <topborder
                    jcr:primaryType="nt:unstructured"
                    cssName="top-border"
                    text="Top Border"/>
            </cellStyles>
            <tableStyles jcr:primaryType="cq:WidgetCollection">
                <alternaterowtable
                    jcr:primaryType="nt:unstructured"
                    cssName="table-with-alternate-row"
                    text="Grey Table With Alternate Row"/>
                <customTable
                    jcr:primaryType="nt:unstructured"
                    cssName="table-component"
                    text="Grey Table"/>
                <coloredheadtable
                    jcr:primaryType="nt:unstructured"
                    cssName="table-headcolor"
                    text="Table With Head Color"/>
                <gradientheadtable
                    jcr:primaryType="nt:unstructured"
                    cssName="table-gradient"
                    text="Table With Gradient Head"/>
                <innertable
                    jcr:primaryType="nt:unstructured"
                    cssName="inner-table"
                    text="Inner Table"/>
            </tableStyles>
        </table>
        <edit
            jcr:primaryType="nt:unstructured"
            features="*"/>
        <misctools
            jcr:primaryType="nt:unstructured"
            features="[specialchars,sourceedit]">
            <specialCharsConfig jcr:primaryType="nt:unstructured">
                <chars jcr:primaryType="nt:unstructured">
                    <copyright
                        jcr:primaryType="nt:unstructured"
                        entity="&amp;copy;"/>
                    <trademark
                        jcr:primaryType="nt:unstructured"
                        entity="&amp;trade;"/>
                    <dagger
                        jcr:primaryType="nt:unstructured"
                        entity="&amp;dagger;"/>
                    <degree
                        jcr:primaryType="nt:unstructured"
                        entity="&amp;deg;"/>
                    <registered
                        jcr:primaryType="nt:unstructured"
                        entity="&amp;reg;"/>
                    <double_x0020_dagger
                        jcr:primaryType="nt:unstructured"
                        entity="&amp;Dagger;"/>
                    <section
                        jcr:primaryType="nt:unstructured"
                        entity="&amp;sect;"/>
                    <currency
                        jcr:primaryType="nt:unstructured"
                        entity="&amp;curren;"/>
                    <newline
                        jcr:primaryType="nt:unstructured"
                        entity="&lt;br/>&lt;br/>"/>
                    <pound
                        jcr:primaryType="nt:unstructured"
                        entity="&amp;pound;"/>
                </chars>
            </specialCharsConfig>
        </misctools>
        <image
            jcr:primaryType="nt:unstructured"
            features="*"/>
        <spellcheck
            jcr:primaryType="nt:unstructured"
            features="*"
            invalidStyle="background-color:#FFFF33;"/>
    </rtePlugins>
</jcr:root>
